<?xml version="1.0" encoding="UTF-8"?>
<project-private xmlns="http://www.netbeans.org/ns/project-private/1">
    <editor-bookmarks xmlns="http://www.netbeans.org/ns/editor-bookmarks/2" lastBookmarkId="0"/>
    <open-files xmlns="http://www.netbeans.org/ns/projectui-open-files/2">
        <group>
            <file>file:/C:/Users/mountain/Desktop/Computer%20science/The%20Object%20Oriented%20Programming%20and%20Java%20books%20,%20Lessons%20and%20projects%20,%20TERM%202/java%20project/Special%20GUIs%20((Drag%20and%20Drop))/JavaProject/JavaProject/src/Random.java</file>
            <file>file:/C:/Users/mountain/Desktop/Computer%20science/The%20Object%20Oriented%20Programming%20and%20Java%20books%20,%20Lessons%20and%20projects%20,%20TERM%202/java%20project/Special%20GUIs%20((Drag%20and%20Drop))/JavaProject/JavaProject/src/SearchAnimal.java</file>
            <file>file:/C:/Users/mountain/Desktop/Computer%20science/The%20Object%20Oriented%20Programming%20and%20Java%20books%20,%20Lessons%20and%20projects%20,%20TERM%202/java%20project/Special%20GUIs%20((Drag%20and%20Drop))/JavaProject/JavaProject/src/EditMenu.java</file>
            <file>file:/C:/Users/mountain/Desktop/Computer%20science/The%20Object%20Oriented%20Programming%20and%20Java%20books%20,%20Lessons%20and%20projects%20,%20TERM%202/java%20project/Special%20GUIs%20((Drag%20and%20Drop))/JavaProject/JavaProject/src/ObjectFileIO.java</file>
            <file>file:/C:/Users/mountain/Desktop/Computer%20science/The%20Object%20Oriented%20Programming%20and%20Java%20books%20,%20Lessons%20and%20projects%20,%20TERM%202/java%20project/Special%20GUIs%20((Drag%20and%20Drop))/JavaProject/JavaProject/src/EditMenuDark.java</file>
            <file>file:/C:/Users/mountain/Desktop/Computer%20science/The%20Object%20Oriented%20Programming%20and%20Java%20books%20,%20Lessons%20and%20projects%20,%20TERM%202/java%20project/Special%20GUIs%20((Drag%20and%20Drop))/JavaProject/JavaProject/src/SearchHuman.java</file>
            <file>file:/C:/Users/mountain/Desktop/Computer%20science/The%20Object%20Oriented%20Programming%20and%20Java%20books%20,%20Lessons%20and%20projects%20,%20TERM%202/java%20project/Special%20GUIs%20((Drag%20and%20Drop))/JavaProject/JavaProject/src/SearchLandSource.java</file>
            <file>file:/C:/Users/mountain/Desktop/Computer%20science/The%20Object%20Oriented%20Programming%20and%20Java%20books%20,%20Lessons%20and%20projects%20,%20TERM%202/java%20project/Special%20GUIs%20((Drag%20and%20Drop))/JavaProject/JavaProject/src/ReportMenuDark.java</file>
            <file>file:/C:/Users/mountain/Desktop/Computer%20science/The%20Object%20Oriented%20Programming%20and%20Java%20books%20,%20Lessons%20and%20projects%20,%20TERM%202/java%20project/Special%20GUIs%20((Drag%20and%20Drop))/JavaProject/JavaProject/src/RegisterMenuDark.java</file>
            <file>file:/C:/Users/mountain/Desktop/Computer%20science/The%20Object%20Oriented%20Programming%20and%20Java%20books%20,%20Lessons%20and%20projects%20,%20TERM%202/java%20project/Special%20GUIs%20((Drag%20and%20Drop))/JavaProject/JavaProject/src/WaterList.java</file>
            <file>file:/C:/Users/mountain/Desktop/Computer%20science/The%20Object%20Oriented%20Programming%20and%20Java%20books%20,%20Lessons%20and%20projects%20,%20TERM%202/java%20project/Special%20GUIs%20((Drag%20and%20Drop))/JavaProject/JavaProject/src/SearchPlant.java</file>
            <file>file:/C:/Users/mountain/Desktop/Computer%20science/The%20Object%20Oriented%20Programming%20and%20Java%20books%20,%20Lessons%20and%20projects%20,%20TERM%202/java%20project/Special%20GUIs%20((Drag%20and%20Drop))/JavaProject/JavaProject/src/SpecialAnimals.java</file>
            <file>file:/C:/Users/mountain/Desktop/Computer%20science/The%20Object%20Oriented%20Programming%20and%20Java%20books%20,%20Lessons%20and%20projects%20,%20TERM%202/java%20project/Special%20GUIs%20((Drag%20and%20Drop))/JavaProject/JavaProject/src/ReportMenu.java</file>
        </group>
    </open-files>
</project-private>
